log_date,request_type,platform,channel,locale,incremental,count
2019-02-01,tbid,l,a,??,,1
2019-02-01,tbid,l,a,ar,,7
2019-02-01,tbid,l,a,ca,,5
2019-02-01,tbid,l,a,cs,,14
2019-02-01,tbid,l,a,da,,4
2019-02-01,tbid,l,a,de,,8
2019-02-01,tbid,l,a,el,,7
2019-02-01,tbid,l,a,en-US,,50
2019-02-01,tbid,l,a,es-ES,,11
2019-02-01,tbid,l,a,fa,,12
2019-02-01,tbid,l,a,fr,,15
2019-02-01,tbid,l,a,ga-IE,,5
2019-02-01,tbid,l,a,he,,9
2019-02-01,tbid,l,a,hu,,8
2019-02-01,tbid,l,a,id,,6
2019-02-01,tbid,l,a,is,,8
2019-02-01,tbid,l,a,it,,11
2019-02-01,tbid,l,a,ja,,7
2019-02-01,tbid,l,a,ka,,13
2019-02-01,tbid,l,a,ko,,8
2019-02-01,tbid,l,a,nb-NO,,6
2019-02-01,tbid,l,a,nl,,9
2019-02-01,tbid,l,a,pl,,5
2019-02-01,tbid,l,a,pt-BR,,7
2019-02-01,tbid,l,a,ru,,20
2019-02-01,tbid,l,a,sv-SE,,4
2019-02-01,tbid,l,a,tr,,6
2019-02-01,tbid,l,a,vi,,6
2019-02-01,tbid,l,a,zh-CN,,7
2019-02-01,tbid,l,a,zh-TW,,4
2019-02-01,tbid,l,r,??,,1
2019-02-01,tbid,l,r,ar,,22
2019-02-01,tbid,l,r,ca,,12
2019-02-01,tbid,l,r,da,,4
2019-02-01,tbid,l,r,de,,184
2019-02-01,tbid,l,r,en-US,,2041
2019-02-01,tbid,l,r,es-ES,,101
2019-02-01,tbid,l,r,fa,,8
2019-02-01,tbid,l,r,fr,,111
2019-02-01,tbid,l,r,ga-IE,,2
2019-02-01,tbid,l,r,he,,6
2019-02-01,tbid,l,r,id,,13
2019-02-01,tbid,l,r,is,,8
2019-02-01,tbid,l,r,it,,52
2019-02-01,tbid,l,r,ja,,13
2019-02-01,tbid,l,r,ko,,5
2019-02-01,tbid,l,r,nb-NO,,4
2019-02-01,tbid,l,r,nl,,18
2019-02-01,tbid,l,r,pl,,25
2019-02-01,tbid,l,r,pt-BR,,50
2019-02-01,tbid,l,r,ru,,205
2019-02-01,tbid,l,r,sv-SE,,6
2019-02-01,tbid,l,r,tr,,8
2019-02-01,tbid,l,r,vi,,4
2019-02-01,tbid,l,r,zh-CN,,13
2019-02-01,tbid,l,r,zh-TW,,8
2019-02-01,tbid,m,a,ar,,4
2019-02-01,tbid,m,a,ca,,2
2019-02-01,tbid,m,a,cs,,4
2019-02-01,tbid,m,a,da,,1
2019-02-01,tbid,m,a,de,,6
2019-02-01,tbid,m,a,el,,3
2019-02-01,tbid,m,a,en-US,,27
2019-02-01,tbid,m,a,es-ES,,2
2019-02-01,tbid,m,a,fa,,5
2019-02-01,tbid,m,a,fr,,5
2019-02-01,tbid,m,a,ga-IE,,3
2019-02-01,tbid,m,a,he,,3
2019-02-01,tbid,m,a,hu,,2
2019-02-01,tbid,m,a,id,,2
2019-02-01,tbid,m,a,is,,6
2019-02-01,tbid,m,a,it,,2
2019-02-01,tbid,m,a,ja,,3
2019-02-01,tbid,m,a,ka,,4
2019-02-01,tbid,m,a,ko,,5
2019-02-01,tbid,m,a,nb-NO,,3
2019-02-01,tbid,m,a,nl,,2
2019-02-01,tbid,m,a,pt-BR,,3
2019-02-01,tbid,m,a,ru,,13
2019-02-01,tbid,m,a,sv-SE,,5
2019-02-01,tbid,m,a,tr,,2
2019-02-01,tbid,m,a,vi,,5
2019-02-01,tbid,m,a,zh-CN,,3
2019-02-01,tbid,m,a,zh-TW,,4
2019-02-01,tbid,m,r,ar,,13
2019-02-01,tbid,m,r,ca,,8
2019-02-01,tbid,m,r,da,,3
2019-02-01,tbid,m,r,de,,100
2019-02-01,tbid,m,r,en-US,,1382
2019-02-01,tbid,m,r,es-ES,,62
2019-02-01,tbid,m,r,fa,,3
2019-02-01,tbid,m,r,fr,,49
2019-02-01,tbid,m,r,ga-IE,,2
2019-02-01,tbid,m,r,he,,2
2019-02-01,tbid,m,r,id,,7
2019-02-01,tbid,m,r,is,,4
2019-02-01,tbid,m,r,it,,27
2019-02-01,tbid,m,r,ja,,10
2019-02-01,tbid,m,r,ko,,5
2019-02-01,tbid,m,r,nb-NO,,3
2019-02-01,tbid,m,r,nl,,10
2019-02-01,tbid,m,r,pl,,10
2019-02-01,tbid,m,r,pt-BR,,28
2019-02-01,tbid,m,r,ru,,136
2019-02-01,tbid,m,r,sv-SE,,4
2019-02-01,tbid,m,r,tr,,4
2019-02-01,tbid,m,r,vi,,4
2019-02-01,tbid,m,r,zh-CN,,26
2019-02-01,tbid,m,r,zh-TW,,5
2019-02-01,tbid,w,a,ar,,6
2019-02-01,tbid,w,a,ca,,6
2019-02-01,tbid,w,a,cs,,8
2019-02-01,tbid,w,a,da,,7
2019-02-01,tbid,w,a,de,,23
2019-02-01,tbid,w,a,el,,8
2019-02-01,tbid,w,a,en-US,,103
2019-02-01,tbid,w,a,es-ES,,10
2019-02-01,tbid,w,a,fa,,8
2019-02-01,tbid,w,a,fr,,13
2019-02-01,tbid,w,a,ga-IE,,2
2019-02-01,tbid,w,a,he,,9
2019-02-01,tbid,w,a,hu,,4
2019-02-01,tbid,w,a,id,,5
2019-02-01,tbid,w,a,is,,5
2019-02-01,tbid,w,a,it,,9
2019-02-01,tbid,w,a,ja,,7
2019-02-01,tbid,w,a,ka,,3
2019-02-01,tbid,w,a,ko,,4
2019-02-01,tbid,w,a,nb-NO,,3
2019-02-01,tbid,w,a,nl,,3
2019-02-01,tbid,w,a,pl,,4
2019-02-01,tbid,w,a,pt-BR,,13
2019-02-01,tbid,w,a,ru,,125
2019-02-01,tbid,w,a,sv-SE,,6
2019-02-01,tbid,w,a,tr,,8
2019-02-01,tbid,w,a,vi,,6
2019-02-01,tbid,w,a,zh-CN,,14
2019-02-01,tbid,w,a,zh-TW,,13
2019-02-01,tbid,w,r,ar,,77
2019-02-01,tbid,w,r,ca,,19
2019-02-01,tbid,w,r,da,,22
2019-02-01,tbid,w,r,de,,536
2019-02-01,tbid,w,r,en-US,,11396
2019-02-01,tbid,w,r,es-ES,,1095
2019-02-01,tbid,w,r,fa,,31
2019-02-01,tbid,w,r,fr,,391
2019-02-01,tbid,w,r,ga-IE,,13
2019-02-01,tbid,w,r,he,,13
2019-02-01,tbid,w,r,id,,37
2019-02-01,tbid,w,r,is,,10
2019-02-01,tbid,w,r,it,,218
2019-02-01,tbid,w,r,ja,,67
2019-02-01,tbid,w,r,ko,,58
2019-02-01,tbid,w,r,nb-NO,,9
2019-02-01,tbid,w,r,nl,,58
2019-02-01,tbid,w,r,pl,,140
2019-02-01,tbid,w,r,pt-BR,,289
2019-02-01,tbid,w,r,ru,,1727
2019-02-01,tbid,w,r,sv-SE,,26
2019-02-01,tbid,w,r,tr,,59
2019-02-01,tbid,w,r,vi,,18
2019-02-01,tbid,w,r,zh-CN,,233
2019-02-01,tbid,w,r,zh-TW,,92
2019-02-01,tbsd,l,a,??,,4
2019-02-01,tbsd,l,a,ar,,7
2019-02-01,tbsd,l,a,ca,,9
2019-02-01,tbsd,l,a,cs,,6
2019-02-01,tbsd,l,a,da,,6
2019-02-01,tbsd,l,a,de,,5
2019-02-01,tbsd,l,a,el,,11
2019-02-01,tbsd,l,a,en-US,,8
2019-02-01,tbsd,l,a,es-ES,,8
2019-02-01,tbsd,l,a,fa,,8
2019-02-01,tbsd,l,a,fr,,10
2019-02-01,tbsd,l,a,ga-IE,,6
2019-02-01,tbsd,l,a,he,,6
2019-02-01,tbsd,l,a,hu,,11
2019-02-01,tbsd,l,a,id,,9
2019-02-01,tbsd,l,a,is,,13
2019-02-01,tbsd,l,a,it,,11
2019-02-01,tbsd,l,a,ja,,9
2019-02-01,tbsd,l,a,ka,,9
2019-02-01,tbsd,l,a,ko,,8
2019-02-01,tbsd,l,a,nb-NO,,4
2019-02-01,tbsd,l,a,nl,,8
2019-02-01,tbsd,l,a,pl,,9
2019-02-01,tbsd,l,a,pt-BR,,7
2019-02-01,tbsd,l,a,ru,,7
2019-02-01,tbsd,l,a,sv-SE,,8
2019-02-01,tbsd,l,a,tr,,6
2019-02-01,tbsd,l,a,vi,,9
2019-02-01,tbsd,l,a,zh-CN,,6
2019-02-01,tbsd,l,a,zh-TW,,3
2019-02-01,tbsd,l,r,??,,2
2019-02-01,tbsd,l,r,ar,,19
2019-02-01,tbsd,l,r,ca,,9
2019-02-01,tbsd,l,r,da,,6
2019-02-01,tbsd,l,r,de,,95
2019-02-01,tbsd,l,r,en-US,,729
2019-02-01,tbsd,l,r,es-ES,,26
2019-02-01,tbsd,l,r,fa,,9
2019-02-01,tbsd,l,r,fr,,48
2019-02-01,tbsd,l,r,ga-IE,,6
2019-02-01,tbsd,l,r,he,,5
2019-02-01,tbsd,l,r,id,,8
2019-02-01,tbsd,l,r,is,,7
2019-02-01,tbsd,l,r,it,,16
2019-02-01,tbsd,l,r,ja,,12
2019-02-01,tbsd,l,r,ko,,7
2019-02-01,tbsd,l,r,nb-NO,,8
2019-02-01,tbsd,l,r,nl,,5
2019-02-01,tbsd,l,r,pl,,16
2019-02-01,tbsd,l,r,pt-BR,,8
2019-02-01,tbsd,l,r,ru,,64
2019-02-01,tbsd,l,r,sv-SE,,5
2019-02-01,tbsd,l,r,tr,,3
2019-02-01,tbsd,l,r,vi,,5
2019-02-01,tbsd,l,r,zh-CN,,5
2019-02-01,tbsd,l,r,zh-TW,,3
2019-02-01,tbsd,m,a,ar,,4
2019-02-01,tbsd,m,a,cs,,1
2019-02-01,tbsd,m,a,da,,3
2019-02-01,tbsd,m,a,de,,3
2019-02-01,tbsd,m,a,el,,3
2019-02-01,tbsd,m,a,en-US,,17
2019-02-01,tbsd,m,a,es-ES,,1
2019-02-01,tbsd,m,a,fa,,3
2019-02-01,tbsd,m,a,fr,,4
2019-02-01,tbsd,m,a,ga-IE,,3
2019-02-01,tbsd,m,a,he,,5
2019-02-01,tbsd,m,a,hu,,3
2019-02-01,tbsd,m,a,id,,2
2019-02-01,tbsd,m,a,is,,2
2019-02-01,tbsd,m,a,it,,4
2019-02-01,tbsd,m,a,ja,,5
2019-02-01,tbsd,m,a,ka,,8
2019-02-01,tbsd,m,a,ko,,6
2019-02-01,tbsd,m,a,nb-NO,,6
2019-02-01,tbsd,m,a,nl,,3
2019-02-01,tbsd,m,a,pl,,5
2019-02-01,tbsd,m,a,pt-BR,,2
2019-02-01,tbsd,m,a,ru,,5
2019-02-01,tbsd,m,a,sv-SE,,1
2019-02-01,tbsd,m,a,tr,,4
2019-02-01,tbsd,m,a,vi,,5
2019-02-01,tbsd,m,a,zh-CN,,5
2019-02-01,tbsd,m,a,zh-TW,,6
2019-02-01,tbsd,m,r,ar,,4
2019-02-01,tbsd,m,r,ca,,6
2019-02-01,tbsd,m,r,da,,8
2019-02-01,tbsd,m,r,de,,15
2019-02-01,tbsd,m,r,en-US,,63
2019-02-01,tbsd,m,r,es-ES,,9
2019-02-01,tbsd,m,r,fa,,3
2019-02-01,tbsd,m,r,fr,,4
2019-02-01,tbsd,m,r,ga-IE,,3
2019-02-01,tbsd,m,r,he,,1
2019-02-01,tbsd,m,r,id,,3
2019-02-01,tbsd,m,r,is,,3
2019-02-01,tbsd,m,r,it,,2
2019-02-01,tbsd,m,r,ja,,1
2019-02-01,tbsd,m,r,ko,,1
2019-02-01,tbsd,m,r,nb-NO,,1
2019-02-01,tbsd,m,r,nl,,6
2019-02-01,tbsd,m,r,pl,,4
2019-02-01,tbsd,m,r,pt-BR,,3
2019-02-01,tbsd,m,r,ru,,10
2019-02-01,tbsd,m,r,sv-SE,,2
2019-02-01,tbsd,m,r,tr,,3
2019-02-01,tbsd,m,r,vi,,2
2019-02-01,tbsd,m,r,zh-CN,,3
2019-02-01,tbsd,m,r,zh-TW,,4
2019-02-01,tbsd,w,a,ar,,7
2019-02-01,tbsd,w,a,ca,,11
2019-02-01,tbsd,w,a,cs,,8
2019-02-01,tbsd,w,a,da,,8
2019-02-01,tbsd,w,a,de,,4
2019-02-01,tbsd,w,a,el,,9
2019-02-01,tbsd,w,a,en-US,,15
2019-02-01,tbsd,w,a,es-ES,,5
2019-02-01,tbsd,w,a,fa,,6
2019-02-01,tbsd,w,a,fr,,9
2019-02-01,tbsd,w,a,ga-IE,,9
2019-02-01,tbsd,w,a,he,,10
2019-02-01,tbsd,w,a,hu,,6
2019-02-01,tbsd,w,a,id,,7
2019-02-01,tbsd,w,a,is,,8
2019-02-01,tbsd,w,a,it,,8
2019-02-01,tbsd,w,a,ja,,15
2019-02-01,tbsd,w,a,ka,,7
2019-02-01,tbsd,w,a,ko,,8
2019-02-01,tbsd,w,a,nb-NO,,4
2019-02-01,tbsd,w,a,nl,,9
2019-02-01,tbsd,w,a,pl,,10
2019-02-01,tbsd,w,a,pt-BR,,6
2019-02-01,tbsd,w,a,ru,,12
2019-02-01,tbsd,w,a,sv-SE,,5
2019-02-01,tbsd,w,a,tr,,3
2019-02-01,tbsd,w,a,vi,,2
2019-02-01,tbsd,w,a,zh-CN,,8
2019-02-01,tbsd,w,a,zh-TW,,7
2019-02-01,tbsd,w,r,ar,,14
2019-02-01,tbsd,w,r,ca,,12
2019-02-01,tbsd,w,r,da,,9
2019-02-01,tbsd,w,r,de,,25
2019-02-01,tbsd,w,r,en-US,,191
2019-02-01,tbsd,w,r,es-ES,,26
2019-02-01,tbsd,w,r,fa,,8
2019-02-01,tbsd,w,r,fr,,17
2019-02-01,tbsd,w,r,ga-IE,,6
2019-02-01,tbsd,w,r,he,,5
2019-02-01,tbsd,w,r,id,,6
2019-02-01,tbsd,w,r,is,,10
2019-02-01,tbsd,w,r,it,,17
2019-02-01,tbsd,w,r,ja,,4
2019-02-01,tbsd,w,r,ko,,5
2019-02-01,tbsd,w,r,nb-NO,,3
2019-02-01,tbsd,w,r,nl,,4
2019-02-01,tbsd,w,r,pl,,8
2019-02-01,tbsd,w,r,pt-BR,,10
2019-02-01,tbsd,w,r,ru,,33
2019-02-01,tbsd,w,r,sv-SE,,5
2019-02-01,tbsd,w,r,tr,,6
2019-02-01,tbsd,w,r,vi,,6
2019-02-01,tbsd,w,r,zh-CN,,11
2019-02-01,tbsd,w,r,zh-TW,,6
2019-02-01,tbup,l,a,??,,9
2019-02-01,tbup,l,a,de,,36
2019-02-01,tbup,l,a,en-US,,294
2019-02-01,tbup,l,a,es-ES,,25
2019-02-01,tbup,l,a,fr,,8
2019-02-01,tbup,l,a,it,,1
2019-02-01,tbup,l,a,ja,,4
2019-02-01,tbup,l,a,nl,,2
2019-02-01,tbup,l,a,pl,,1
2019-02-01,tbup,l,a,pt-BR,,6
2019-02-01,tbup,l,a,ru,,27
2019-02-01,tbup,l,a,sv-SE,,1
2019-02-01,tbup,l,a,tr,,1
2019-02-01,tbup,l,a,zh-CN,,1
2019-02-01,tbup,l,h,??,,6
2019-02-01,tbup,l,o,??,,62
2019-02-01,tbup,l,r,??,,3
2019-02-01,tbup,l,r,ar,,17
2019-02-01,tbup,l,r,ca,,5
2019-02-01,tbup,l,r,da,,3
2019-02-01,tbup,l,r,de,,1749
2019-02-01,tbup,l,r,en-US,,17398
2019-02-01,tbup,l,r,es-ES,,422
2019-02-01,tbup,l,r,fa,,9
2019-02-01,tbup,l,r,fr,,691
2019-02-01,tbup,l,r,id,,2
2019-02-01,tbup,l,r,it,,295
2019-02-01,tbup,l,r,ja,,62
2019-02-01,tbup,l,r,ko,,8
2019-02-01,tbup,l,r,nb-NO,,2
2019-02-01,tbup,l,r,nl,,71
2019-02-01,tbup,l,r,pl,,94
2019-02-01,tbup,l,r,pt-BR,,109
2019-02-01,tbup,l,r,ru,,1324
2019-02-01,tbup,l,r,sv-SE,,4
2019-02-01,tbup,l,r,tr,,15
2019-02-01,tbup,l,r,zh-CN,,43
2019-02-01,tbup,l,r,zh-TW,,3
2019-02-01,tbup,m,a,??,,2
2019-02-01,tbup,m,a,ar,,6
2019-02-01,tbup,m,a,cs,,1
2019-02-01,tbup,m,a,da,,1
2019-02-01,tbup,m,a,de,,36
2019-02-01,tbup,m,a,en-US,,361
2019-02-01,tbup,m,a,es-ES,,7
2019-02-01,tbup,m,a,fa,,1
2019-02-01,tbup,m,a,fr,,19
2019-02-01,tbup,m,a,it,,15
2019-02-01,tbup,m,a,ko,,1
2019-02-01,tbup,m,a,nl,,8
2019-02-01,tbup,m,a,pt-BR,,1
2019-02-01,tbup,m,a,ru,,69
2019-02-01,tbup,m,a,sv-SE,,3
2019-02-01,tbup,m,a,tr,,3
2019-02-01,tbup,m,a,zh-CN,,7
2019-02-01,tbup,m,a,zh-TW,,3
2019-02-01,tbup,m,r,??,,157
2019-02-01,tbup,m,r,ar,,9
2019-02-01,tbup,m,r,ca,,16
2019-02-01,tbup,m,r,da,,4
2019-02-01,tbup,m,r,de,,2227
2019-02-01,tbup,m,r,en-US,,24407
2019-02-01,tbup,m,r,es-ES,,398
2019-02-01,tbup,m,r,fr,,870
2019-02-01,tbup,m,r,id,,4
2019-02-01,tbup,m,r,it,,433
2019-02-01,tbup,m,r,ko,,16
2019-02-01,tbup,m,r,nb-NO,,9
2019-02-01,tbup,m,r,nl,,114
2019-02-01,tbup,m,r,pl,,63
2019-02-01,tbup,m,r,pt-BR,,60
2019-02-01,tbup,m,r,ru,,2866
2019-02-01,tbup,m,r,sv-SE,,32
2019-02-01,tbup,m,r,tr,,14
2019-02-01,tbup,m,r,zh-CN,,119
2019-02-01,tbup,m,r,zh-TW,,13
2019-02-01,tbup,w,a,ar,,84
2019-02-01,tbup,w,a,ca,,1
2019-02-01,tbup,w,a,cs,,11
2019-02-01,tbup,w,a,de,,167
2019-02-01,tbup,w,a,el,,4
2019-02-01,tbup,w,a,en-US,,863
2019-02-01,tbup,w,a,es-ES,,46
2019-02-01,tbup,w,a,fa,,6
2019-02-01,tbup,w,a,fr,,27
2019-02-01,tbup,w,a,hu,,7
2019-02-01,tbup,w,a,id,,2
2019-02-01,tbup,w,a,it,,41
2019-02-01,tbup,w,a,ja,,48
2019-02-01,tbup,w,a,ko,,8
2019-02-01,tbup,w,a,nb-NO,,1
2019-02-01,tbup,w,a,nl,,11
2019-02-01,tbup,w,a,pl,,9
2019-02-01,tbup,w,a,pt-BR,,20
2019-02-01,tbup,w,a,ru,,1185
2019-02-01,tbup,w,a,sv-SE,,6
2019-02-01,tbup,w,a,tr,,8
2019-02-01,tbup,w,a,vi,,5
2019-02-01,tbup,w,a,zh-CN,,53
2019-02-01,tbup,w,a,zh-TW,,7
2019-02-01,tbup,w,r,ar,,351
2019-02-01,tbup,w,r,ca,,29
2019-02-01,tbup,w,r,da,,47
2019-02-01,tbup,w,r,de,,17417
2019-02-01,tbup,w,r,en-US,,129656
2019-02-01,tbup,w,r,es-ES,,7564
2019-02-01,tbup,w,r,fa,,346
2019-02-01,tbup,w,r,fr,,5972
2019-02-01,tbup,w,r,ga-IE,,2
2019-02-01,tbup,w,r,he,,26
2019-02-01,tbup,w,r,id,,108
2019-02-01,tbup,w,r,is,,2
2019-02-01,tbup,w,r,it,,3206
2019-02-01,tbup,w,r,ja,,1673
2019-02-01,tbup,w,r,ko,,374
2019-02-01,tbup,w,r,nb-NO,,32
2019-02-01,tbup,w,r,nl,,1594
2019-02-01,tbup,w,r,pl,,1681
2019-02-01,tbup,w,r,pt-BR,,2061
2019-02-01,tbup,w,r,pt-PT,,15
2019-02-01,tbup,w,r,ru,,55940
2019-02-01,tbup,w,r,sv-SE,,143
2019-02-01,tbup,w,r,tr,,1105
2019-02-01,tbup,w,r,vi,,63
2019-02-01,tbup,w,r,zh-CN,,1237
2019-02-01,tbup,w,r,zh-TW,,257
2019-02-01,tbur,l,a,sv-SE,f,1
2019-02-01,tbur,l,r,nb-NO,f,1
2019-02-01,tbur,m,r,ru,f,1
2019-02-01,tbur,w,r,de,f,1
2019-02-01,tbur,w,r,de,t,1
2019-02-01,tbur,w,r,en-US,f,4
2019-02-01,tbur,w,r,fr,f,1
2019-02-01,tbur,w,r,pl,t,1
2019-02-01,tbur,w,r,ru,f,6
2019-02-01,twdph,,,,,56315
2019-02-01,twhph,,,,,32525
2019-02-02,tbid,l,a,??,,4
2019-02-02,tbid,l,a,ar,,15
2019-02-02,tbid,l,a,ca,,14
2019-02-02,tbid,l,a,cs,,12
2019-02-02,tbid,l,a,da,,13
2019-02-02,tbid,l,a,de,,20
2019-02-02,tbid,l,a,el,,15
2019-02-02,tbid,l,a,en-US,,46
2019-02-02,tbid,l,a,es-ES,,21
2019-02-02,tbid,l,a,fa,,11
2019-02-02,tbid,l,a,fr,,11
2019-02-02,tbid,l,a,ga-IE,,15
2019-02-02,tbid,l,a,he,,14
2019-02-02,tbid,l,a,hu,,17
2019-02-02,tbid,l,a,id,,12
2019-02-02,tbid,l,a,is,,16
2019-02-02,tbid,l,a,it,,15
2019-02-02,tbid,l,a,ja,,15
2019-02-02,tbid,l,a,ka,,13
2019-02-02,tbid,l,a,ko,,10
2019-02-02,tbid,l,a,nb-NO,,11
2019-02-02,tbid,l,a,nl,,14
2019-02-02,tbid,l,a,pl,,10
2019-02-02,tbid,l,a,pt-BR,,15
2019-02-02,tbid,l,a,ru,,29
2019-02-02,tbid,l,a,sv-SE,,15
2019-02-02,tbid,l,a,tr,,13
2019-02-02,tbid,l,a,vi,,16
2019-02-02,tbid,l,a,zh-CN,,16
2019-02-02,tbid,l,a,zh-TW,,16
2019-02-02,tbid,l,r,??,,5
2019-02-02,tbid,l,r,ar,,32
2019-02-02,tbid,l,r,ca,,10
2019-02-02,tbid,l,r,da,,16
2019-02-02,tbid,l,r,de,,199
2019-02-02,tbid,l,r,en-US,,2187
2019-02-02,tbid,l,r,es-ES,,105
2019-02-02,tbid,l,r,fa,,16
2019-02-02,tbid,l,r,fr,,137
2019-02-02,tbid,l,r,ga-IE,,18
2019-02-02,tbid,l,r,he,,9
2019-02-02,tbid,l,r,id,,14
2019-02-02,tbid,l,r,is,,12
2019-02-02,tbid,l,r,it,,77
2019-02-02,tbid,l,r,ja,,27
2019-02-02,tbid,l,r,ko,,17
2019-02-02,tbid,l,r,nb-NO,,13
2019-02-02,tbid,l,r,nl,,22
2019-02-02,tbid,l,r,pl,,47
2019-02-02,tbid,l,r,pt-BR,,58
2019-02-02,tbid,l,r,ru,,227
2019-02-02,tbid,l,r,sv-SE,,14
2019-02-02,tbid,l,r,tr,,25
2019-02-02,tbid,l,r,vi,,14
2019-02-02,tbid,l,r,zh-CN,,37
2019-02-02,tbid,l,r,zh-TW,,19
2019-02-02,tbid,m,a,ar,,7
2019-02-02,tbid,m,a,ca,,6
2019-02-02,tbid,m,a,cs,,4
2019-02-02,tbid,m,a,da,,8
2019-02-02,tbid,m,a,de,,10
2019-02-02,tbid,m,a,el,,5
2019-02-02,tbid,m,a,en-US,,25
2019-02-02,tbid,m,a,es-ES,,8
2019-02-02,tbid,m,a,fa,,6
2019-02-02,tbid,m,a,fr,,11
2019-02-02,tbid,m,a,ga-IE,,6
2019-02-02,tbid,m,a,he,,9
2019-02-02,tbid,m,a,hu,,5
2019-02-02,tbid,m,a,id,,9
2019-02-02,tbid,m,a,is,,6
2019-02-02,tbid,m,a,it,,6
2019-02-02,tbid,m,a,ja,,7
2019-02-02,tbid,m,a,ka,,8
2019-02-02,tbid,m,a,ko,,4
2019-02-02,tbid,m,a,nb-NO,,8
2019-02-02,tbid,m,a,nl,,8
2019-02-02,tbid,m,a,pl,,7
2019-02-02,tbid,m,a,pt-BR,,5
2019-02-02,tbid,m,a,ru,,22
2019-02-02,tbid,m,a,sv-SE,,5
2019-02-02,tbid,m,a,tr,,9
2019-02-02,tbid,m,a,vi,,4
2019-02-02,tbid,m,a,zh-CN,,7
2019-02-02,tbid,m,a,zh-TW,,7
2019-02-02,tbid,m,r,ar,,18
2019-02-02,tbid,m,r,ca,,10
2019-02-02,tbid,m,r,da,,6
2019-02-02,tbid,m,r,de,,108
2019-02-02,tbid,m,r,en-US,,1356
2019-02-02,tbid,m,r,es-ES,,60
2019-02-02,tbid,m,r,fa,,5
2019-02-02,tbid,m,r,fr,,69
2019-02-02,tbid,m,r,ga-IE,,12
2019-02-02,tbid,m,r,he,,11
2019-02-02,tbid,m,r,id,,9
2019-02-02,tbid,m,r,is,,11
2019-02-02,tbid,m,r,it,,40
2019-02-02,tbid,m,r,ja,,10
2019-02-02,tbid,m,r,ko,,14
2019-02-02,tbid,m,r,nb-NO,,11
2019-02-02,tbid,m,r,nl,,23
2019-02-02,tbid,m,r,pl,,19
2019-02-02,tbid,m,r,pt-BR,,26
2019-02-02,tbid,m,r,ru,,137
2019-02-02,tbid,m,r,sv-SE,,12
2019-02-02,tbid,m,r,tr,,16
2019-02-02,tbid,m,r,vi,,5
2019-02-02,tbid,m,r,zh-CN,,25
2019-02-02,tbid,m,r,zh-TW,,13
2019-02-02,tbid,w,a,ar,,13
2019-02-02,tbid,w,a,ca,,8
2019-02-02,tbid,w,a,cs,,7
2019-02-02,tbid,w,a,da,,5
2019-02-02,tbid,w,a,de,,12
2019-02-02,tbid,w,a,el,,11
2019-02-02,tbid,w,a,en-US,,106
2019-02-02,tbid,w,a,es-ES,,14
2019-02-02,tbid,w,a,fa,,13
2019-02-02,tbid,w,a,fr,,11
2019-02-02,tbid,w,a,ga-IE,,10
2019-02-02,tbid,w,a,he,,11
2019-02-02,tbid,w,a,hu,,7
2019-02-02,tbid,w,a,id,,9
2019-02-02,tbid,w,a,is,,11
2019-02-02,tbid,w,a,it,,12
2019-02-02,tbid,w,a,ja,,8
2019-02-02,tbid,w,a,ka,,11
2019-02-02,tbid,w,a,ko,,6
2019-02-02,tbid,w,a,nb-NO,,6
2019-02-02,tbid,w,a,nl,,9
2019-02-02,tbid,w,a,pl,,9
2019-02-02,tbid,w,a,pt-BR,,14
2019-02-02,tbid,w,a,ru,,121
2019-02-02,tbid,w,a,sv-SE,,7
2019-02-02,tbid,w,a,tr,,12
2019-02-02,tbid,w,a,vi,,5
2019-02-02,tbid,w,a,zh-CN,,21
2019-02-02,tbid,w,a,zh-TW,,7
2019-02-02,tbid,w,r,ar,,99
2019-02-02,tbid,w,r,ca,,18
2019-02-02,tbid,w,r,da,,25
2019-02-02,tbid,w,r,de,,575
2019-02-02,tbid,w,r,en-US,,10916
2019-02-02,tbid,w,r,es-ES,,1004
2019-02-02,tbid,w,r,fa,,30
2019-02-02,tbid,w,r,fr,,454
2019-02-02,tbid,w,r,ga-IE,,14
2019-02-02,tbid,w,r,he,,14
2019-02-02,tbid,w,r,id,,32
2019-02-02,tbid,w,r,is,,16
2019-02-02,tbid,w,r,it,,231
2019-02-02,tbid,w,r,ja,,56
2019-02-02,tbid,w,r,ko,,64
2019-02-02,tbid,w,r,nb-NO,,12
2019-02-02,tbid,w,r,nl,,58
2019-02-02,tbid,w,r,pl,,186
2019-02-02,tbid,w,r,pt-BR,,300
2019-02-02,tbid,w,r,ru,,1845
2019-02-02,tbid,w,r,sv-SE,,29
2019-02-02,tbid,w,r,tr,,51
2019-02-02,tbid,w,r,vi,,14
2019-02-02,tbid,w,r,zh-CN,,162
2019-02-02,tbid,w,r,zh-TW,,76
2019-02-02,tbsd,l,a,??,,6
2019-02-02,tbsd,l,a,ar,,11
2019-02-02,tbsd,l,a,ca,,12
2019-02-02,tbsd,l,a,cs,,12
2019-02-02,tbsd,l,a,da,,18
2019-02-02,tbsd,l,a,de,,13
2019-02-02,tbsd,l,a,el,,15
2019-02-02,tbsd,l,a,en-US,,20
2019-02-02,tbsd,l,a,es-ES,,19
2019-02-02,tbsd,l,a,fa,,17
2019-02-02,tbsd,l,a,fr,,18
2019-02-02,tbsd,l,a,ga-IE,,14
2019-02-02,tbsd,l,a,he,,30
2019-02-02,tbsd,l,a,hu,,16
2019-02-02,tbsd,l,a,id,,14
2019-02-02,tbsd,l,a,is,,20
2019-02-02,tbsd,l,a,it,,13
2019-02-02,tbsd,l,a,ja,,27
2019-02-02,tbsd,l,a,ka,,23
2019-02-02,tbsd,l,a,ko,,14
2019-02-02,tbsd,l,a,nb-NO,,10
2019-02-02,tbsd,l,a,nl,,9
2019-02-02,tbsd,l,a,pl,,14
2019-02-02,tbsd,l,a,pt-BR,,15
2019-02-02,tbsd,l,a,ru,,14
2019-02-02,tbsd,l,a,sv-SE,,14
2019-02-02,tbsd,l,a,tr,,13
2019-02-02,tbsd,l,a,vi,,13
2019-02-02,tbsd,l,a,zh-CN,,14
2019-02-02,tbsd,l,a,zh-TW,,33
2019-02-02,tbsd,l,r,??,,13
2019-02-02,tbsd,l,r,ar,,18
2019-02-02,tbsd,l,r,ca,,13
2019-02-02,tbsd,l,r,da,,17
2019-02-02,tbsd,l,r,de,,109
2019-02-02,tbsd,l,r,en-US,,657
2019-02-02,tbsd,l,r,es-ES,,39
2019-02-02,tbsd,l,r,fa,,11
2019-02-02,tbsd,l,r,fr,,48
2019-02-02,tbsd,l,r,ga-IE,,17
2019-02-02,tbsd,l,r,he,,19
2019-02-02,tbsd,l,r,id,,15
2019-02-02,tbsd,l,r,is,,27
2019-02-02,tbsd,l,r,it,,40
2019-02-02,tbsd,l,r,ja,,19
2019-02-02,tbsd,l,r,ko,,13
2019-02-02,tbsd,l,r,nb-NO,,21
2019-02-02,tbsd,l,r,nl,,28
2019-02-02,tbsd,l,r,pl,,33
2019-02-02,tbsd,l,r,pt-BR,,20
2019-02-02,tbsd,l,r,ru,,91
2019-02-02,tbsd,l,r,sv-SE,,21
2019-02-02,tbsd,l,r,tr,,25
2019-02-02,tbsd,l,r,vi,,15
2019-02-02,tbsd,l,r,zh-CN,,30
2019-02-02,tbsd,l,r,zh-TW,,16
2019-02-02,tbsd,m,a,ar,,10
2019-02-02,tbsd,m,a,ca,,5
2019-02-02,tbsd,m,a,cs,,8
2019-02-02,tbsd,m,a,da,,16
2019-02-02,tbsd,m,a,de,,8
2019-02-02,tbsd,m,a,el,,9
2019-02-02,tbsd,m,a,en-US,,10
2019-02-02,tbsd,m,a,es-ES,,10
2019-02-02,tbsd,m,a,fa,,7
2019-02-02,tbsd,m,a,fr,,6
2019-02-02,tbsd,m,a,ga-IE,,6
2019-02-02,tbsd,m,a,he,,7
2019-02-02,tbsd,m,a,hu,,8
2019-02-02,tbsd,m,a,id,,7
2019-02-02,tbsd,m,a,is,,9
2019-02-02,tbsd,m,a,it,,13
2019-02-02,tbsd,m,a,ja,,7
2019-02-02,tbsd,m,a,ka,,6
2019-02-02,tbsd,m,a,ko,,5
2019-02-02,tbsd,m,a,nb-NO,,9
2019-02-02,tbsd,m,a,nl,,6
2019-02-02,tbsd,m,a,pl,,5
2019-02-02,tbsd,m,a,pt-BR,,6
2019-02-02,tbsd,m,a,ru,,8
2019-02-02,tbsd,m,a,sv-SE,,5
2019-02-02,tbsd,m,a,tr,,8
2019-02-02,tbsd,m,a,vi,,7
2019-02-02,tbsd,m,a,zh-CN,,5
2019-02-02,tbsd,m,a,zh-TW,,16
2019-02-02,tbsd,m,r,ar,,13
2019-02-02,tbsd,m,r,ca,,13
2019-02-02,tbsd,m,r,da,,8
2019-02-02,tbsd,m,r,de,,22
2019-02-02,tbsd,m,r,en-US,,70
2019-02-02,tbsd,m,r,es-ES,,18
2019-02-02,tbsd,m,r,fa,,7
2019-02-02,tbsd,m,r,fr,,15
2019-02-02,tbsd,m,r,ga-IE,,13
2019-02-02,tbsd,m,r,he,,6
2019-02-02,tbsd,m,r,id,,11
2019-02-02,tbsd,m,r,is,,5
2019-02-02,tbsd,m,r,it,,11
2019-02-02,tbsd,m,r,ja,,10
2019-02-02,tbsd,m,r,ko,,14
2019-02-02,tbsd,m,r,nb-NO,,16
2019-02-02,tbsd,m,r,nl,,9
2019-02-02,tbsd,m,r,pl,,8
2019-02-02,tbsd,m,r,pt-BR,,8
2019-02-02,tbsd,m,r,ru,,21
2019-02-02,tbsd,m,r,sv-SE,,18
2019-02-02,tbsd,m,r,tr,,10
2019-02-02,tbsd,m,r,vi,,5
2019-02-02,tbsd,m,r,zh-CN,,11
2019-02-02,tbsd,m,r,zh-TW,,12
2019-02-02,tbsd,w,a,ar,,12
2019-02-02,tbsd,w,a,ca,,15
2019-02-02,tbsd,w,a,cs,,19
2019-02-02,tbsd,w,a,da,,17
2019-02-02,tbsd,w,a,de,,17
2019-02-02,tbsd,w,a,el,,20
2019-02-02,tbsd,w,a,en-US,,33
2019-02-02,tbsd,w,a,es-ES,,22
2019-02-02,tbsd,w,a,fa,,19
2019-02-02,tbsd,w,a,fr,,21
2019-02-02,tbsd,w,a,ga-IE,,14
2019-02-02,tbsd,w,a,he,,20
2019-02-02,tbsd,w,a,hu,,21
2019-02-02,tbsd,w,a,id,,16
2019-02-02,tbsd,w,a,is,,17
2019-02-02,tbsd,w,a,it,,16
2019-02-02,tbsd,w,a,ja,,19
2019-02-02,tbsd,w,a,ka,,14
2019-02-02,tbsd,w,a,ko,,24
2019-02-02,tbsd,w,a,nb-NO,,14
2019-02-02,tbsd,w,a,nl,,20
2019-02-02,tbsd,w,a,pl,,24
2019-02-02,tbsd,w,a,pt-BR,,20
2019-02-02,tbsd,w,a,ru,,27
2019-02-02,tbsd,w,a,sv-SE,,13
2019-02-02,tbsd,w,a,tr,,21
2019-02-02,tbsd,w,a,vi,,14
2019-02-02,tbsd,w,a,zh-CN,,15
2019-02-02,tbsd,w,a,zh-TW,,17
2019-02-02,tbsd,w,r,ar,,35
2019-02-02,tbsd,w,r,ca,,38
2019-02-02,tbsd,w,r,da,,30
2019-02-02,tbsd,w,r,de,,46
2019-02-02,tbsd,w,r,en-US,,220
2019-02-02,tbsd,w,r,es-ES,,55
2019-02-02,tbsd,w,r,fa,,20
2019-02-02,tbsd,w,r,fr,,28
2019-02-02,tbsd,w,r,ga-IE,,19
2019-02-02,tbsd,w,r,he,,16
2019-02-02,tbsd,w,r,id,,10
2019-02-02,tbsd,w,r,is,,18
2019-02-02,tbsd,w,r,it,,43
2019-02-02,tbsd,w,r,ja,,19
2019-02-02,tbsd,w,r,ko,,22
2019-02-02,tbsd,w,r,nb-NO,,20
2019-02-02,tbsd,w,r,nl,,20
2019-02-02,tbsd,w,r,pl,,24
2019-02-02,tbsd,w,r,pt-BR,,20
2019-02-02,tbsd,w,r,ru,,63
2019-02-02,tbsd,w,r,sv-SE,,21
2019-02-02,tbsd,w,r,tr,,19
2019-02-02,tbsd,w,r,vi,,16
2019-02-02,tbsd,w,r,zh-CN,,25
2019-02-02,tbsd,w,r,zh-TW,,21
2019-02-02,tbup,l,a,??,,5
2019-02-02,tbup,l,a,ca,,1
2019-02-02,tbup,l,a,cs,,1
2019-02-02,tbup,l,a,de,,38
2019-02-02,tbup,l,a,en-US,,264
2019-02-02,tbup,l,a,es-ES,,18
2019-02-02,tbup,l,a,fa,,1
2019-02-02,tbup,l,a,fr,,9
2019-02-02,tbup,l,a,hu,,1
2019-02-02,tbup,l,a,it,,13
2019-02-02,tbup,l,a,pt-BR,,3
2019-02-02,tbup,l,a,ru,,44
2019-02-02,tbup,l,a,zh-CN,,2
2019-02-02,tbup,l,h,??,,5
2019-02-02,tbup,l,o,??,,46
2019-02-02,tbup,l,r,??,,11
2019-02-02,tbup,l,r,ar,,14
2019-02-02,tbup,l,r,ca,,2
2019-02-02,tbup,l,r,da,,3
2019-02-02,tbup,l,r,de,,1601
2019-02-02,tbup,l,r,en-US,,17531
2019-02-02,tbup,l,r,es-ES,,340
2019-02-02,tbup,l,r,fa,,8
2019-02-02,tbup,l,r,fr,,693
2019-02-02,tbup,l,r,it,,304
2019-02-02,tbup,l,r,ja,,75
2019-02-02,tbup,l,r,ko,,7
2019-02-02,tbup,l,r,nb-NO,,5
2019-02-02,tbup,l,r,nl,,51
2019-02-02,tbup,l,r,pl,,93
2019-02-02,tbup,l,r,pt-BR,,101
2019-02-02,tbup,l,r,ru,,1287
2019-02-02,tbup,l,r,sv-SE,,8
2019-02-02,tbup,l,r,tr,,33
2019-02-02,tbup,l,r,zh-CN,,48
2019-02-02,tbup,l,r,zh-TW,,1
2019-02-02,tbup,m,a,??,,5
2019-02-02,tbup,m,a,ar,,6
2019-02-02,tbup,m,a,da,,2
2019-02-02,tbup,m,a,de,,37
2019-02-02,tbup,m,a,en-US,,362
2019-02-02,tbup,m,a,es-ES,,5
2019-02-02,tbup,m,a,fr,,21
2019-02-02,tbup,m,a,it,,15
2019-02-02,tbup,m,a,nl,,9
2019-02-02,tbup,m,a,pl,,1
2019-02-02,tbup,m,a,pt-BR,,3
2019-02-02,tbup,m,a,ru,,67
2019-02-02,tbup,m,a,sv-SE,,1
2019-02-02,tbup,m,a,tr,,1
2019-02-02,tbup,m,a,zh-CN,,7
2019-02-02,tbup,m,a,zh-TW,,3
2019-02-02,tbup,m,r,??,,173
2019-02-02,tbup,m,r,ar,,16
2019-02-02,tbup,m,r,ca,,5
2019-02-02,tbup,m,r,da,,11
2019-02-02,tbup,m,r,de,,2176
2019-02-02,tbup,m,r,en-US,,24361
2019-02-02,tbup,m,r,es-ES,,412
2019-02-02,tbup,m,r,fa,,4
2019-02-02,tbup,m,r,fr,,869
2019-02-02,tbup,m,r,id,,1
2019-02-02,tbup,m,r,is,,1
2019-02-02,tbup,m,r,it,,480
2019-02-02,tbup,m,r,ko,,18
2019-02-02,tbup,m,r,nb-NO,,7
2019-02-02,tbup,m,r,nl,,111
2019-02-02,tbup,m,r,pl,,45
2019-02-02,tbup,m,r,pt-BR,,50
2019-02-02,tbup,m,r,ru,,3040
2019-02-02,tbup,m,r,sv-SE,,23
2019-02-02,tbup,m,r,tr,,12
2019-02-02,tbup,m,r,vi,,1
2019-02-02,tbup,m,r,zh-CN,,94
2019-02-02,tbup,m,r,zh-TW,,15
2019-02-02,tbup,w,a,ar,,86
2019-02-02,tbup,w,a,ca,,2
2019-02-02,tbup,w,a,cs,,27
2019-02-02,tbup,w,a,da,,1
2019-02-02,tbup,w,a,de,,146
2019-02-02,tbup,w,a,en-US,,808
2019-02-02,tbup,w,a,es-ES,,34
2019-02-02,tbup,w,a,fa,,4
2019-02-02,tbup,w,a,fr,,35
2019-02-02,tbup,w,a,ga-IE,,2
2019-02-02,tbup,w,a,he,,1
2019-02-02,tbup,w,a,hu,,11
2019-02-02,tbup,w,a,id,,2
2019-02-02,tbup,w,a,it,,51
2019-02-02,tbup,w,a,ja,,75
2019-02-02,tbup,w,a,ko,,5
2019-02-02,tbup,w,a,nb-NO,,1
2019-02-02,tbup,w,a,nl,,10
2019-02-02,tbup,w,a,pl,,16
2019-02-02,tbup,w,a,pt-BR,,22
2019-02-02,tbup,w,a,ru,,1214
2019-02-02,tbup,w,a,sv-SE,,5
2019-02-02,tbup,w,a,tr,,16
2019-02-02,tbup,w,a,vi,,7
2019-02-02,tbup,w,a,zh-CN,,29
2019-02-02,tbup,w,a,zh-TW,,4
2019-02-02,tbup,w,r,ar,,400
2019-02-02,tbup,w,r,ca,,36
2019-02-02,tbup,w,r,da,,53
2019-02-02,tbup,w,r,de,,17381
2019-02-02,tbup,w,r,en-US,,129468
2019-02-02,tbup,w,r,es-ES,,6235
2019-02-02,tbup,w,r,fa,,417
2019-02-02,tbup,w,r,fr,,5685
2019-02-02,tbup,w,r,ga-IE,,1
2019-02-02,tbup,w,r,he,,58
2019-02-02,tbup,w,r,id,,97
2019-02-02,tbup,w,r,is,,1
2019-02-02,tbup,w,r,it,,3148
2019-02-02,tbup,w,r,ja,,1826
2019-02-02,tbup,w,r,ko,,400
2019-02-02,tbup,w,r,nb-NO,,25
2019-02-02,tbup,w,r,nl,,1713
2019-02-02,tbup,w,r,pl,,1612
2019-02-02,tbup,w,r,pt-BR,,1914
2019-02-02,tbup,w,r,pt-PT,,22
2019-02-02,tbup,w,r,ru,,55449
2019-02-02,tbup,w,r,sv-SE,,128
2019-02-02,tbup,w,r,tr,,1166
2019-02-02,tbup,w,r,vi,,56
2019-02-02,tbup,w,r,zh-CN,,1190
2019-02-02,tbup,w,r,zh-TW,,236
2019-02-02,tbur,l,a,ar,f,1
2019-02-02,tbur,l,a,de,t,1
2019-02-02,tbur,l,a,nl,t,1
2019-02-02,tbur,l,r,en-US,f,1
2019-02-02,tbur,l,r,nb-NO,f,1
2019-02-02,tbur,m,r,zh-CN,f,1
2019-02-02,tbur,w,r,de,f,2
2019-02-02,tbur,w,r,en-US,f,7
2019-02-02,tbur,w,r,en-US,t,1
2019-02-02,tbur,w,r,es-ES,f,1
2019-02-02,tbur,w,r,es-ES,t,1
2019-02-02,tbur,w,r,pl,f,2
2019-02-02,tbur,w,r,ru,f,1
2019-02-02,tbur,w,r,tr,f,1
2019-02-02,twdph,,,,,59041
2019-02-02,twhph,,,,,31932
2019-02-03,tbid,l,a,??,,4
2019-02-03,tbid,l,a,ar,,16
2019-02-03,tbid,l,a,ca,,12
2019-02-03,tbid,l,a,cs,,11
2019-02-03,tbid,l,a,da,,17
2019-02-03,tbid,l,a,de,,20
2019-02-03,tbid,l,a,el,,13
2019-02-03,tbid,l,a,en-US,,46
2019-02-03,tbid,l,a,es-ES,,28
2019-02-03,tbid,l,a,fa,,11
2019-02-03,tbid,l,a,fr,,14
2019-02-03,tbid,l,a,ga-IE,,11
2019-02-03,tbid,l,a,he,,16
2019-02-03,tbid,l,a,hu,,15
2019-02-03,tbid,l,a,id,,17
2019-02-03,tbid,l,a,is,,16
2019-02-03,tbid,l,a,it,,9
2019-02-03,tbid,l,a,ja,,15
2019-02-03,tbid,l,a,ka,,7
2019-02-03,tbid,l,a,ko,,18
2019-02-03,tbid,l,a,nb-NO,,13
2019-02-03,tbid,l,a,nl,,11
2019-02-03,tbid,l,a,pl,,9
2019-02-03,tbid,l,a,pt-BR,,12
2019-02-03,tbid,l,a,ru,,26
2019-02-03,tbid,l,a,sv-SE,,12
2019-02-03,tbid,l,a,tr,,11
2019-02-03,tbid,l,a,vi,,13
2019-02-03,tbid,l,a,zh-CN,,9
2019-02-03,tbid,l,a,zh-TW,,14
2019-02-03,tbid,l,r,??,,1
2019-02-03,tbid,l,r,ar,,19
2019-02-03,tbid,l,r,ca,,9
2019-02-03,tbid,l,r,da,,10
2019-02-03,tbid,l,r,de,,172
2019-02-03,tbid,l,r,en-US,,2129
2019-02-03,tbid,l,r,es-ES,,138
2019-02-03,tbid,l,r,fa,,17
2019-02-03,tbid,l,r,fr,,136
2019-02-03,tbid,l,r,ga-IE,,7
2019-02-03,tbid,l,r,he,,14
2019-02-03,tbid,l,r,id,,8
2019-02-03,tbid,l,r,is,,4
2019-02-03,tbid,l,r,it,,62
2019-02-03,tbid,l,r,ja,,15
2019-02-03,tbid,l,r,ko,,9
2019-02-03,tbid,l,r,nb-NO,,7
2019-02-03,tbid,l,r,nl,,23
2019-02-03,tbid,l,r,pl,,42
2019-02-03,tbid,l,r,pt-BR,,50
2019-02-03,tbid,l,r,ru,,190
2019-02-03,tbid,l,r,sv-SE,,9
2019-02-03,tbid,l,r,tr,,25
2019-02-03,tbid,l,r,vi,,15
2019-02-03,tbid,l,r,zh-CN,,28
2019-02-03,tbid,l,r,zh-TW,,18
2019-02-03,tbid,m,a,ar,,5
2019-02-03,tbid,m,a,ca,,5
2019-02-03,tbid,m,a,cs,,5
2019-02-03,tbid,m,a,da,,7
2019-02-03,tbid,m,a,de,,11
2019-02-03,tbid,m,a,el,,2
2019-02-03,tbid,m,a,en-US,,34
2019-02-03,tbid,m,a,es-ES,,7
2019-02-03,tbid,m,a,fa,,6
2019-02-03,tbid,m,a,fr,,8
2019-02-03,tbid,m,a,ga-IE,,5
2019-02-03,tbid,m,a,he,,4
2019-02-03,tbid,m,a,hu,,5
2019-02-03,tbid,m,a,id,,3
2019-02-03,tbid,m,a,is,,3
2019-02-03,tbid,m,a,it,,6
2019-02-03,tbid,m,a,ja,,8
2019-02-03,tbid,m,a,ka,,4
2019-02-03,tbid,m,a,ko,,8
2019-02-03,tbid,m,a,nb-NO,,4
2019-02-03,tbid,m,a,nl,,7
2019-02-03,tbid,m,a,pl,,9
2019-02-03,tbid,m,a,pt-BR,,7
2019-02-03,tbid,m,a,ru,,18
2019-02-03,tbid,m,a,sv-SE,,4
2019-02-03,tbid,m,a,tr,,6
2019-02-03,tbid,m,a,vi,,8
2019-02-03,tbid,m,a,zh-CN,,3
2019-02-03,tbid,m,a,zh-TW,,5
2019-02-03,tbid,m,r,ar,,19
2019-02-03,tbid,m,r,ca,,5
2019-02-03,tbid,m,r,da,,6
2019-02-03,tbid,m,r,de,,95
2019-02-03,tbid,m,r,en-US,,1379
2019-02-03,tbid,m,r,es-ES,,56
2019-02-03,tbid,m,r,fa,,4
2019-02-03,tbid,m,r,fr,,72
2019-02-03,tbid,m,r,ga-IE,,4
2019-02-03,tbid,m,r,he,,6
2019-02-03,tbid,m,r,id,,8
2019-02-03,tbid,m,r,is,,3
2019-02-03,tbid,m,r,it,,35
2019-02-03,tbid,m,r,ja,,10
2019-02-03,tbid,m,r,ko,,2
2019-02-03,tbid,m,r,nb-NO,,3
2019-02-03,tbid,m,r,nl,,16
2019-02-03,tbid,m,r,pl,,17
2019-02-03,tbid,m,r,pt-BR,,12
2019-02-03,tbid,m,r,ru,,146
2019-02-03,tbid,m,r,sv-SE,,10
2019-02-03,tbid,m,r,tr,,10
2019-02-03,tbid,m,r,vi,,4
2019-02-03,tbid,m,r,zh-CN,,23
2019-02-03,tbid,m,r,zh-TW,,7
2019-02-03,tbid,w,a,ar,,19
2019-02-03,tbid,w,a,ca,,10
2019-02-03,tbid,w,a,cs,,13
2019-02-03,tbid,w,a,da,,9
2019-02-03,tbid,w,a,de,,23
2019-02-03,tbid,w,a,el,,7
2019-02-03,tbid,w,a,en-US,,121
2019-02-03,tbid,w,a,es-ES,,19
2019-02-03,tbid,w,a,fa,,11
2019-02-03,tbid,w,a,fr,,19
2019-02-03,tbid,w,a,ga-IE,,16
2019-02-03,tbid,w,a,he,,11
2019-02-03,tbid,w,a,hu,,9
2019-02-03,tbid,w,a,id,,7
2019-02-03,tbid,w,a,is,,6
2019-02-03,tbid,w,a,it,,15
2019-02-03,tbid,w,a,ja,,7
2019-02-03,tbid,w,a,ka,,11
2019-02-03,tbid,w,a,ko,,12
2019-02-03,tbid,w,a,nb-NO,,8
2019-02-03,tbid,w,a,nl,,13
2019-02-03,tbid,w,a,pl,,15
2019-02-03,tbid,w,a,pt-BR,,21
2019-02-03,tbid,w,a,ru,,111
2019-02-03,tbid,w,a,sv-SE,,13
2019-02-03,tbid,w,a,tr,,14
2019-02-03,tbid,w,a,vi,,12
2019-02-03,tbid,w,a,zh-CN,,16
2019-02-03,tbid,w,a,zh-TW,,13
2019-02-03,tbid,w,r,ar,,87
2019-02-03,tbid,w,r,ca,,14
2019-02-03,tbid,w,r,da,,19
2019-02-03,tbid,w,r,de,,526
2019-02-03,tbid,w,r,en-US,,10456
2019-02-03,tbid,w,r,es-ES,,1080
2019-02-03,tbid,w,r,fa,,43
2019-02-03,tbid,w,r,fr,,435
2019-02-03,tbid,w,r,ga-IE,,8
2019-02-03,tbid,w,r,he,,16
2019-02-03,tbid,w,r,id,,26
2019-02-03,tbid,w,r,is,,16
2019-02-03,tbid,w,r,it,,241
2019-02-03,tbid,w,r,ja,,73
2019-02-03,tbid,w,r,ko,,57
2019-02-03,tbid,w,r,nb-NO,,11
2019-02-03,tbid,w,r,nl,,46
2019-02-03,tbid,w,r,pl,,155
2019-02-03,tbid,w,r,pt-BR,,335
2019-02-03,tbid,w,r,ru,,1812
2019-02-03,tbid,w,r,sv-SE,,42
2019-02-03,tbid,w,r,tr,,63
2019-02-03,tbid,w,r,vi,,30
2019-02-03,tbid,w,r,zh-CN,,151
2019-02-03,tbid,w,r,zh-TW,,46
2019-02-03,tbsd,l,a,??,,5
2019-02-03,tbsd,l,a,ar,,17
2019-02-03,tbsd,l,a,ca,,12
2019-02-03,tbsd,l,a,cs,,10
2019-02-03,tbsd,l,a,da,,17
2019-02-03,tbsd,l,a,de,,16
2019-02-03,tbsd,l,a,el,,7
2019-02-03,tbsd,l,a,en-US,,21
2019-02-03,tbsd,l,a,es-ES,,17
2019-02-03,tbsd,l,a,fa,,11
2019-02-03,tbsd,l,a,fr,,13
2019-02-03,tbsd,l,a,ga-IE,,9
2019-02-03,tbsd,l,a,he,,13
2019-02-03,tbsd,l,a,hu,,9
2019-02-03,tbsd,l,a,id,,15
2019-02-03,tbsd,l,a,is,,11
2019-02-03,tbsd,l,a,it,,11
2019-02-03,tbsd,l,a,ja,,11
2019-02-03,tbsd,l,a,ka,,16
2019-02-03,tbsd,l,a,ko,,13
2019-02-03,tbsd,l,a,nb-NO,,13
2019-02-03,tbsd,l,a,nl,,9
2019-02-03,tbsd,l,a,pl,,15
2019-02-03,tbsd,l,a,pt-BR,,6
2019-02-03,tbsd,l,a,ru,,17
2019-02-03,tbsd,l,a,sv-SE,,7
2019-02-03,tbsd,l,a,tr,,16
2019-02-03,tbsd,l,a,vi,,8
2019-02-03,tbsd,l,a,zh-CN,,14
2019-02-03,tbsd,l,a,zh-TW,,16
2019-02-03,tbsd,l,r,??,,1
2019-02-03,tbsd,l,r,ar,,17
2019-02-03,tbsd,l,r,ca,,5
2019-02-03,tbsd,l,r,da,,8
2019-02-03,tbsd,l,r,de,,93
2019-02-03,tbsd,l,r,en-US,,718
2019-02-03,tbsd,l,r,es-ES,,53
2019-02-03,tbsd,l,r,fa,,17
2019-02-03,tbsd,l,r,fr,,56
2019-02-03,tbsd,l,r,ga-IE,,15
2019-02-03,tbsd,l,r,he,,9
2019-02-03,tbsd,l,r,id,,8
2019-02-03,tbsd,l,r,is,,12
2019-02-03,tbsd,l,r,it,,38
2019-02-03,tbsd,l,r,ja,,7
2019-02-03,tbsd,l,r,ko,,10
2019-02-03,tbsd,l,r,nb-NO,,14
2019-02-03,tbsd,l,r,nl,,11
2019-02-03,tbsd,l,r,pl,,12
2019-02-03,tbsd,l,r,pt-BR,,16
2019-02-03,tbsd,l,r,ru,,64
2019-02-03,tbsd,l,r,sv-SE,,15
2019-02-03,tbsd,l,r,tr,,12
2019-02-03,tbsd,l,r,vi,,11
2019-02-03,tbsd,l,r,zh-CN,,12
2019-02-03,tbsd,l,r,zh-TW,,8
2019-02-03,tbsd,m,a,ar,,8
2019-02-03,tbsd,m,a,ca,,6
2019-02-03,tbsd,m,a,cs,,4
2019-02-03,tbsd,m,a,da,,5
2019-02-03,tbsd,m,a,de,,4
2019-02-03,tbsd,m,a,el,,6
2019-02-03,tbsd,m,a,en-US,,13
2019-02-03,tbsd,m,a,es-ES,,4
2019-02-03,tbsd,m,a,fa,,5
2019-02-03,tbsd,m,a,fr,,5
2019-02-03,tbsd,m,a,ga-IE,,5
2019-02-03,tbsd,m,a,he,,6
2019-02-03,tbsd,m,a,hu,,5
2019-02-03,tbsd,m,a,id,,7
2019-02-03,tbsd,m,a,is,,4
2019-02-03,tbsd,m,a,it,,7
2019-02-03,tbsd,m,a,ja,,12
2019-02-03,tbsd,m,a,ka,,4
2019-02-03,tbsd,m,a,ko,,3
2019-02-03,tbsd,m,a,nb-NO,,6
2019-02-03,tbsd,m,a,nl,,5
2019-02-03,tbsd,m,a,pl,,13
2019-02-03,tbsd,m,a,pt-BR,,8
2019-02-03,tbsd,m,a,ru,,7
2019-02-03,tbsd,m,a,sv-SE,,10
2019-02-03,tbsd,m,a,tr,,6
2019-02-03,tbsd,m,a,vi,,5
2019-02-03,tbsd,m,a,zh-CN,,6
2019-02-03,tbsd,m,a,zh-TW,,3
2019-02-03,tbsd,m,r,ar,,3
2019-02-03,tbsd,m,r,ca,,6
2019-02-03,tbsd,m,r,da,,6
2019-02-03,tbsd,m,r,de,,13
2019-02-03,tbsd,m,r,en-US,,54
2019-02-03,tbsd,m,r,es-ES,,6
2019-02-03,tbsd,m,r,fa,,6
2019-02-03,tbsd,m,r,fr,,5
2019-02-03,tbsd,m,r,ga-IE,,3
2019-02-03,tbsd,m,r,he,,6
2019-02-03,tbsd,m,r,id,,4
2019-02-03,tbsd,m,r,is,,3
2019-02-03,tbsd,m,r,it,,9
2019-02-03,tbsd,m,r,ja,,4
2019-02-03,tbsd,m,r,ko,,7
2019-02-03,tbsd,m,r,nb-NO,,6
2019-02-03,tbsd,m,r,nl,,8
2019-02-03,tbsd,m,r,pl,,5
2019-02-03,tbsd,m,r,pt-BR,,2
2019-02-03,tbsd,m,r,ru,,13
2019-02-03,tbsd,m,r,sv-SE,,6
2019-02-03,tbsd,m,r,tr,,6
2019-02-03,tbsd,m,r,vi,,3
2019-02-03,tbsd,m,r,zh-CN,,1
2019-02-03,tbsd,m,r,zh-TW,,3
2019-02-03,tbsd,w,a,ar,,10
2019-02-03,tbsd,w,a,ca,,14
2019-02-03,tbsd,w,a,cs,,12
2019-02-03,tbsd,w,a,da,,22
2019-02-03,tbsd,w,a,de,,21
2019-02-03,tbsd,w,a,el,,10
2019-02-03,tbsd,w,a,en-US,,37
2019-02-03,tbsd,w,a,es-ES,,17
2019-02-03,tbsd,w,a,fa,,11
2019-02-03,tbsd,w,a,fr,,19
2019-02-03,tbsd,w,a,ga-IE,,12
2019-02-03,tbsd,w,a,he,,11
2019-02-03,tbsd,w,a,hu,,12
2019-02-03,tbsd,w,a,id,,8
2019-02-03,tbsd,w,a,is,,12
2019-02-03,tbsd,w,a,it,,11
2019-02-03,tbsd,w,a,ja,,23
2019-02-03,tbsd,w,a,ka,,10
2019-02-03,tbsd,w,a,ko,,15
2019-02-03,tbsd,w,a,nb-NO,,15
2019-02-03,tbsd,w,a,nl,,12
2019-02-03,tbsd,w,a,pl,,21
2019-02-03,tbsd,w,a,pt-BR,,15
2019-02-03,tbsd,w,a,ru,,19
2019-02-03,tbsd,w,a,sv-SE,,17
2019-02-03,tbsd,w,a,tr,,13
2019-02-03,tbsd,w,a,vi,,11
2019-02-03,tbsd,w,a,zh-CN,,16
2019-02-03,tbsd,w,a,zh-TW,,9
2019-02-03,tbsd,w,r,ar,,19
2019-02-03,tbsd,w,r,ca,,13
2019-02-03,tbsd,w,r,da,,13
2019-02-03,tbsd,w,r,de,,40
2019-02-03,tbsd,w,r,en-US,,186
2019-02-03,tbsd,w,r,es-ES,,28
2019-02-03,tbsd,w,r,fa,,17
2019-02-03,tbsd,w,r,fr,,21
2019-02-03,tbsd,w,r,ga-IE,,5
2019-02-03,tbsd,w,r,he,,8
2019-02-03,tbsd,w,r,id,,7
2019-02-03,tbsd,w,r,is,,16
2019-02-03,tbsd,w,r,it,,11
2019-02-03,tbsd,w,r,ja,,14
2019-02-03,tbsd,w,r,ko,,8
2019-02-03,tbsd,w,r,nb-NO,,4
2019-02-03,tbsd,w,r,nl,,8
2019-02-03,tbsd,w,r,pl,,10
2019-02-03,tbsd,w,r,pt-BR,,10
2019-02-03,tbsd,w,r,ru,,37
2019-02-03,tbsd,w,r,sv-SE,,12
2019-02-03,tbsd,w,r,tr,,11
2019-02-03,tbsd,w,r,vi,,11
2019-02-03,tbsd,w,r,zh-CN,,10
2019-02-03,tbsd,w,r,zh-TW,,9
2019-02-03,tbup,l,a,??,,13
2019-02-03,tbup,l,a,ca,,1
2019-02-03,tbup,l,a,cs,,2
2019-02-03,tbup,l,a,de,,26
2019-02-03,tbup,l,a,el,,1
2019-02-03,tbup,l,a,en-US,,250
2019-02-03,tbup,l,a,es-ES,,30
2019-02-03,tbup,l,a,fr,,9
2019-02-03,tbup,l,a,it,,2
2019-02-03,tbup,l,a,ja,,1
2019-02-03,tbup,l,a,nl,,1
2019-02-03,tbup,l,a,pl,,1
2019-02-03,tbup,l,a,pt-BR,,5
2019-02-03,tbup,l,a,ru,,40
2019-02-03,tbup,l,a,zh-CN,,2
2019-02-03,tbup,l,h,??,,10
2019-02-03,tbup,l,o,??,,37
2019-02-03,tbup,l,r,??,,22
2019-02-03,tbup,l,r,ar,,11
2019-02-03,tbup,l,r,ca,,3
2019-02-03,tbup,l,r,da,,3
2019-02-03,tbup,l,r,de,,1549
2019-02-03,tbup,l,r,en-US,,17064
2019-02-03,tbup,l,r,es-ES,,358
2019-02-03,tbup,l,r,fa,,4
2019-02-03,tbup,l,r,fr,,697
2019-02-03,tbup,l,r,id,,1
2019-02-03,tbup,l,r,it,,264
2019-02-03,tbup,l,r,ja,,65
2019-02-03,tbup,l,r,ko,,5
2019-02-03,tbup,l,r,nb-NO,,7
2019-02-03,tbup,l,r,nl,,47
2019-02-03,tbup,l,r,pl,,111
2019-02-03,tbup,l,r,pt-BR,,94
2019-02-03,tbup,l,r,ru,,1193
2019-02-03,tbup,l,r,sv-SE,,5
2019-02-03,tbup,l,r,tr,,24
2019-02-03,tbup,l,r,vi,,3
2019-02-03,tbup,l,r,zh-CN,,49
2019-02-03,tbup,l,r,zh-TW,,1
2019-02-03,tbup,m,a,??,,6
2019-02-03,tbup,m,a,ar,,7
2019-02-03,tbup,m,a,de,,39
2019-02-03,tbup,m,a,en-US,,374
2019-02-03,tbup,m,a,es-ES,,6
2019-02-03,tbup,m,a,fr,,22
2019-02-03,tbup,m,a,is,,1
2019-02-03,tbup,m,a,it,,9
2019-02-03,tbup,m,a,nl,,5
2019-02-03,tbup,m,a,pt-BR,,2
2019-02-03,tbup,m,a,ru,,67
2019-02-03,tbup,m,a,sv-SE,,2
2019-02-03,tbup,m,a,tr,,2
2019-02-03,tbup,m,a,zh-CN,,5
2019-02-03,tbup,m,a,zh-TW,,2
2019-02-03,tbup,m,r,??,,153
2019-02-03,tbup,m,r,ar,,8
2019-02-03,tbup,m,r,ca,,3
2019-02-03,tbup,m,r,da,,18
2019-02-03,tbup,m,r,de,,2250
2019-02-03,tbup,m,r,en-US,,24493
2019-02-03,tbup,m,r,es-ES,,418
2019-02-03,tbup,m,r,fa,,3
2019-02-03,tbup,m,r,fr,,962
2019-02-03,tbup,m,r,he,,2
2019-02-03,tbup,m,r,id,,1
2019-02-03,tbup,m,r,it,,447
2019-02-03,tbup,m,r,ko,,15
2019-02-03,tbup,m,r,nb-NO,,7
2019-02-03,tbup,m,r,nl,,121
2019-02-03,tbup,m,r,pl,,60
2019-02-03,tbup,m,r,pt-BR,,54
2019-02-03,tbup,m,r,ru,,3042
2019-02-03,tbup,m,r,sv-SE,,31
2019-02-03,tbup,m,r,tr,,20
2019-02-03,tbup,m,r,vi,,1
2019-02-03,tbup,m,r,zh-CN,,87
2019-02-03,tbup,m,r,zh-TW,,16
2019-02-03,tbup,w,a,ar,,75
2019-02-03,tbup,w,a,ca,,1
2019-02-03,tbup,w,a,cs,,14
2019-02-03,tbup,w,a,da,,2
2019-02-03,tbup,w,a,de,,157
2019-02-03,tbup,w,a,el,,4
2019-02-03,tbup,w,a,en-US,,814
2019-02-03,tbup,w,a,es-ES,,40
2019-02-03,tbup,w,a,fa,,11
2019-02-03,tbup,w,a,fr,,48
2019-02-03,tbup,w,a,he,,1
2019-02-03,tbup,w,a,hu,,13
2019-02-03,tbup,w,a,id,,2
2019-02-03,tbup,w,a,it,,49
2019-02-03,tbup,w,a,ja,,78
2019-02-03,tbup,w,a,ko,,12
2019-02-03,tbup,w,a,nb-NO,,1
2019-02-03,tbup,w,a,nl,,9
2019-02-03,tbup,w,a,pl,,17
2019-02-03,tbup,w,a,pt-BR,,17
2019-02-03,tbup,w,a,ru,,1136
2019-02-03,tbup,w,a,sv-SE,,2
2019-02-03,tbup,w,a,tr,,8
2019-02-03,tbup,w,a,zh-CN,,23
2019-02-03,tbup,w,a,zh-TW,,9
2019-02-03,tbup,w,r,ar,,407
2019-02-03,tbup,w,r,ca,,23
2019-02-03,tbup,w,r,da,,49
2019-02-03,tbup,w,r,de,,17506
2019-02-03,tbup,w,r,en-US,,125690
2019-02-03,tbup,w,r,es-ES,,6099
2019-02-03,tbup,w,r,fa,,413
2019-02-03,tbup,w,r,fr,,5765
2019-02-03,tbup,w,r,ga-IE,,2
2019-02-03,tbup,w,r,he,,42
2019-02-03,tbup,w,r,id,,86
2019-02-03,tbup,w,r,is,,4
2019-02-03,tbup,w,r,it,,2862
2019-02-03,tbup,w,r,ja,,1817
2019-02-03,tbup,w,r,ko,,360
2019-02-03,tbup,w,r,nb-NO,,24
2019-02-03,tbup,w,r,nl,,1561
2019-02-03,tbup,w,r,pl,,1634
2019-02-03,tbup,w,r,pt-BR,,1904
2019-02-03,tbup,w,r,pt-PT,,23
2019-02-03,tbup,w,r,ru,,53442
2019-02-03,tbup,w,r,sv-SE,,119
2019-02-03,tbup,w,r,tr,,1106
2019-02-03,tbup,w,r,vi,,69
2019-02-03,tbup,w,r,zh-CN,,1037
2019-02-03,tbup,w,r,zh-TW,,254
2019-02-03,tbur,l,a,ar,f,1
2019-02-03,tbur,l,r,ru,f,1
2019-02-03,tbur,w,r,de,f,1
2019-02-03,tbur,w,r,en-US,f,6
2019-02-03,tbur,w,r,en-US,t,3
2019-02-03,tbur,w,r,fr,t,1
2019-02-03,tbur,w,r,ko,f,1
2019-02-03,tbur,w,r,ru,f,2
2019-02-03,tbur,w,r,ru,t,2
2019-02-03,twdph,,,,,58048
2019-02-03,twhph,,,,,31822
